tiempo en años,Valor futuro de la inversión
0,1000.0
1,1051.2710963760242
2,1105.1709180756477
3,1161.834242728283
4,1221.40275816017
5,1284.0254166877414
6,1349.858807576003
7,1419.0675485932572
8,1491.8246976412704
9,1568.312185490169
10,1648.7212707001281
